action,actor_id,entity_id,entity_type,source_type,timestamp
created,system,P00001,parcel,SYNTHETIC,2026-05-17
created,system,P00002,parcel,SYNTHETIC,2024-12-01
created,system,P00003,parcel,SYNTHETIC,2025-05-28
created,system,P00004,parcel,SYNTHETIC,2025-02-04
created,system,P00005,parcel,SYNTHETIC,2024-09-06
created,system,P00006,parcel,SYNTHETIC,2026-03-11
created,system,P00007,parcel,SYNTHETIC,2024-05-09
created,system,P00008,parcel,SYNTHETIC,2024-11-18
created,system,P00009,parcel,SYNTHETIC,2025-05-17
created,system,P00010,parcel,SYNTHETIC,2024-04-07
created,system,P00011,parcel,SYNTHETIC,2025-03-23
created,system,P00012,parcel,SYNTHETIC,2025-02-01
created,system,P00013,parcel,SYNTHETIC,2025-07-19
created,system,P00014,parcel,SYNTHETIC,2025-01-02
created,system,P00015,parcel,SYNTHETIC,2025-08-03
created,system,P00016,parcel,SYNTHETIC,2024-12-17
created,system,P00017,parcel,SYNTHETIC,2025-04-23
created,system,P00018,parcel,SYNTHETIC,2026-04-03
created,system,P00019,parcel,SYNTHETIC,2025-03-08
created,system,P00020,parcel,SYNTHETIC,2024-05-30
created,system,P00021,parcel,SYNTHETIC,2024-12-14
created,system,P00022,parcel,SYNTHETIC,2025-08-17
created,system,P00023,parcel,SYNTHETIC,2025-04-07
created,system,P00024,parcel,SYNTHETIC,2026-04-19
created,system,P00025,parcel,SYNTHETIC,2025-08-03
created,system,P00026,parcel,SYNTHETIC,2025-07-12
created,system,P00027,parcel,SYNTHETIC,2025-02-23
created,system,P00028,parcel,SYNTHETIC,2025-05-19
created,system,P00029,parcel,SYNTHETIC,2026-06-10
created,system,P00030,parcel,SYNTHETIC,2025-08-06
created,system,P00031,parcel,SYNTHETIC,2025-07-14
created,system,P00032,parcel,SYNTHETIC,2025-10-27
created,system,P00033,parcel,SYNTHETIC,2024-06-02
created,system,P00034,parcel,SYNTHETIC,2024-11-08
created,system,P00035,parcel,SYNTHETIC,2024-08-29
created,system,P00036,parcel,SYNTHETIC,2025-01-19
created,system,P00037,parcel,SYNTHETIC,2025-10-29
created,system,P00038,parcel,SYNTHETIC,2024-04-12
created,system,P00039,parcel,SYNTHETIC,2026-04-11
created,system,P00040,parcel,SYNTHETIC,2025-04-05
created,system,P00041,parcel,SYNTHETIC,2025-03-10
created,system,P00042,parcel,SYNTHETIC,2025-10-23
created,system,P00043,parcel,SYNTHETIC,2025-12-23
created,system,P00044,parcel,SYNTHETIC,2024-07-12
created,system,P00045,parcel,SYNTHETIC,2025-03-14
created,system,P00046,parcel,SYNTHETIC,2026-02-05
created,system,P00047,parcel,SYNTHETIC,2025-04-10
created,system,P00048,parcel,SYNTHETIC,2026-03-28
created,system,P00049,parcel,SYNTHETIC,2026-04-22
created,system,P00050,parcel,SYNTHETIC,2025-10-10
created,system,P00051,parcel,SYNTHETIC,2026-01-19
created,system,P00052,parcel,SYNTHETIC,2025-04-15
created,system,P00053,parcel,SYNTHETIC,2024-08-16
created,system,P00054,parcel,SYNTHETIC,2025-09-26
created,system,P00055,parcel,SYNTHETIC,2025-07-31
created,system,P00056,parcel,SYNTHETIC,2025-05-23
created,system,P00057,parcel,SYNTHETIC,2026-05-13
created,system,P00058,parcel,SYNTHETIC,2025-12-11
created,system,P00059,parcel,SYNTHETIC,2024-10-22
created,system,P00060,parcel,SYNTHETIC,2024-07-04
created,system,P00061,parcel,SYNTHETIC,2026-02-18
created,system,P00062,parcel,SYNTHETIC,2024-06-24
created,system,P00063,parcel,SYNTHETIC,2025-12-26
created,system,P00064,parcel,SYNTHETIC,2024-03-29
created,system,P00065,parcel,SYNTHETIC,2025-04-13
created,system,P00066,parcel,SYNTHETIC,2024-09-10
created,system,P00067,parcel,SYNTHETIC,2024-05-21
created,system,P00068,parcel,SYNTHETIC,2024-06-03
created,system,P00069,parcel,SYNTHETIC,2024-04-13
created,system,P00070,parcel,SYNTHETIC,2025-11-03
created,system,P00071,parcel,SYNTHETIC,2026-04-23
created,system,P00072,parcel,SYNTHETIC,2025-11-07
created,system,P00073,parcel,SYNTHETIC,2024-05-04
created,system,P00074,parcel,SYNTHETIC,2026-02-17
created,system,P00075,parcel,SYNTHETIC,2026-02-22
created,system,P00076,parcel,SYNTHETIC,2025-09-08
created,system,P00077,parcel,SYNTHETIC,2025-06-28
created,system,P00078,parcel,SYNTHETIC,2024-10-21
created,system,P00079,parcel,SYNTHETIC,2025-02-18
created,system,P00080,parcel,SYNTHETIC,2025-05-04
created,system,P00081,parcel,SYNTHETIC,2025-11-08
created,system,P00082,parcel,SYNTHETIC,2025-09-28
created,system,P00083,parcel,SYNTHETIC,2024-04-23
created,system,P00084,parcel,SYNTHETIC,2026-02-09
created,system,P00085,parcel,SYNTHETIC,2025-10-09
created,system,P00086,parcel,SYNTHETIC,2024-06-23
created,system,P00087,parcel,SYNTHETIC,2025-04-27
created,system,P00088,parcel,SYNTHETIC,2026-05-01
created,system,P00089,parcel,SYNTHETIC,2026-03-12
created,system,P00090,parcel,SYNTHETIC,2025-08-21
created,system,P00091,parcel,SYNTHETIC,2024-03-28
created,system,P00092,parcel,SYNTHETIC,2026-05-16
created,system,P00093,parcel,SYNTHETIC,2024-05-13
created,system,P00094,parcel,SYNTHETIC,2025-10-07
created,system,P00095,parcel,SYNTHETIC,2026-02-11
created,system,P00096,parcel,SYNTHETIC,2024-06-29
created,system,P00097,parcel,SYNTHETIC,2025-04-11
created,system,P00098,parcel,SYNTHETIC,2025-02-24
created,system,P00099,parcel,SYNTHETIC,2026-06-30
created,system,P00100,parcel,SYNTHETIC,2024-07-11
created,system,P00101,parcel,SYNTHETIC,2025-03-23
created,system,P00102,parcel,SYNTHETIC,2025-07-25
created,system,P00103,parcel,SYNTHETIC,2024-05-20
created,system,P00104,parcel,SYNTHETIC,2025-08-11
created,system,P00105,parcel,SYNTHETIC,2025-09-29
created,system,P00106,parcel,SYNTHETIC,2025-09-17
created,system,P00107,parcel,SYNTHETIC,2024-03-30
created,system,P00108,parcel,SYNTHETIC,2025-04-14
created,system,P00109,parcel,SYNTHETIC,2026-04-02
created,system,P00110,parcel,SYNTHETIC,2024-09-04
created,system,P00111,parcel,SYNTHETIC,2024-08-20
created,system,P00112,parcel,SYNTHETIC,2025-07-23
created,system,P00113,parcel,SYNTHETIC,2025-07-28
created,system,P00114,parcel,SYNTHETIC,2024-10-06
created,system,P00115,parcel,SYNTHETIC,2024-04-26
created,system,P00116,parcel,SYNTHETIC,2024-05-02
created,system,P00117,parcel,SYNTHETIC,2026-05-15
created,system,P00118,parcel,SYNTHETIC,2025-04-16
created,system,P00119,parcel,SYNTHETIC,2025-06-20
created,system,P00120,parcel,SYNTHETIC,2025-03-11
created,system,P00121,parcel,SYNTHETIC,2025-01-13
created,system,P00122,parcel,SYNTHETIC,2026-03-16
created,system,P00123,parcel,SYNTHETIC,2025-09-12
created,system,P00124,parcel,SYNTHETIC,2024-12-17
created,system,P00125,parcel,SYNTHETIC,2024-04-21
created,system,P00126,parcel,SYNTHETIC,2024-05-01
created,system,P00127,parcel,SYNTHETIC,2025-03-26
created,system,P00128,parcel,SYNTHETIC,2024-09-13
created,system,P00129,parcel,SYNTHETIC,2025-07-25
created,system,P00130,parcel,SYNTHETIC,2025-04-07
created,system,P00131,parcel,SYNTHETIC,2025-07-11
created,system,P00132,parcel,SYNTHETIC,2026-06-06
created,system,P00133,parcel,SYNTHETIC,2025-05-26
created,system,P00134,parcel,SYNTHETIC,2025-11-30
created,system,P00135,parcel,SYNTHETIC,2025-08-14
created,system,P00136,parcel,SYNTHETIC,2025-11-20
created,system,P00137,parcel,SYNTHETIC,2024-10-19
created,system,P00138,parcel,SYNTHETIC,2025-05-14
created,system,P00139,parcel,SYNTHETIC,2026-02-26
created,system,P00140,parcel,SYNTHETIC,2026-01-20
created,system,P00141,parcel,SYNTHETIC,2025-01-07
created,system,P00142,parcel,SYNTHETIC,2024-10-26
created,system,P00143,parcel,SYNTHETIC,2024-11-24
created,system,P00144,parcel,SYNTHETIC,2025-02-28
created,system,P00145,parcel,SYNTHETIC,2025-02-27
created,system,P00146,parcel,SYNTHETIC,2025-03-17
created,system,P00147,parcel,SYNTHETIC,2024-11-23
created,system,P00148,parcel,SYNTHETIC,2025-02-05
created,system,P00149,parcel,SYNTHETIC,2026-02-20
created,system,P00150,parcel,SYNTHETIC,2026-03-08
created,system,P00151,parcel,SYNTHETIC,2025-07-31
created,system,P00152,parcel,SYNTHETIC,2025-07-28
created,system,P00153,parcel,SYNTHETIC,2024-05-04
created,system,P00154,parcel,SYNTHETIC,2024-05-05
created,system,P00155,parcel,SYNTHETIC,2025-04-12
created,system,P00156,parcel,SYNTHETIC,2024-08-28
created,system,P00157,parcel,SYNTHETIC,2025-10-10
created,system,P00158,parcel,SYNTHETIC,2025-09-15
created,system,P00159,parcel,SYNTHETIC,2024-06-29
created,system,P00160,parcel,SYNTHETIC,2026-02-08
created,system,P00161,parcel,SYNTHETIC,2026-02-17
created,system,P00162,parcel,SYNTHETIC,2025-11-18
created,system,P00163,parcel,SYNTHETIC,2026-07-02
created,system,P00164,parcel,SYNTHETIC,2026-05-08
created,system,P00165,parcel,SYNTHETIC,2025-05-27
created,system,P00166,parcel,SYNTHETIC,2025-09-19
created,system,P00167,parcel,SYNTHETIC,2024-03-31
created,system,P00168,parcel,SYNTHETIC,2024-04-19
created,system,P00169,parcel,SYNTHETIC,2025-03-06
created,system,P00170,parcel,SYNTHETIC,2025-11-08
created,system,P00171,parcel,SYNTHETIC,2024-07-17
created,system,P00172,parcel,SYNTHETIC,2025-03-29
created,system,P00173,parcel,SYNTHETIC,2024-04-22
created,system,P00174,parcel,SYNTHETIC,2025-01-21
created,system,P00175,parcel,SYNTHETIC,2025-03-21
created,system,P00176,parcel,SYNTHETIC,2024-11-22
created,system,P00177,parcel,SYNTHETIC,2024-06-21
created,system,P00178,parcel,SYNTHETIC,2025-07-16
created,system,P00179,parcel,SYNTHETIC,2026-07-04
created,system,P00180,parcel,SYNTHETIC,2025-10-27
created,system,P00181,parcel,SYNTHETIC,2025-12-08
