document_id,officer_id,parcel_id,source_type,status,verification_id,verification_type
D00001,OF002,P00001,SYNTHETIC,verified,VF00001,ownership
D00002,OF003,P00002,SYNTHETIC,verified,VF00002,ownership
D00003,OF004,P00003,SYNTHETIC,verified,VF00003,ownership
D00004,OF004,P00004,SYNTHETIC,verified,VF00004,ownership
D00005,OF005,P00005,SYNTHETIC,pending,VF00005,field
D00006,OF001,P00006,SYNTHETIC,verified,VF00006,ownership
D00007,OF001,P00007,SYNTHETIC,verified,VF00007,ownership
D00008,OF003,P00008,SYNTHETIC,verified,VF00008,ownership
D00009,OF004,P00009,SYNTHETIC,verified,VF00009,ownership
D00010,OF004,P00010,SYNTHETIC,verified,VF00010,ownership
D00011,OF003,P00011,SYNTHETIC,verified,VF00011,ownership
D00012,OF002,P00012,SYNTHETIC,verified,VF00012,ownership
D00013,OF002,P00013,SYNTHETIC,verified,VF00013,ownership
D00014,OF006,P00014,SYNTHETIC,verified,VF00014,ownership
D00015,OF001,P00015,SYNTHETIC,verified,VF00015,ownership
D00016,OF005,P00016,SYNTHETIC,verified,VF00016,ownership
D00017,OF002,P00017,SYNTHETIC,verified,VF00017,ownership
D00018,OF006,P00018,SYNTHETIC,verified,VF00018,ownership
D00019,OF006,P00019,SYNTHETIC,verified,VF00019,ownership
D00020,OF004,P00020,SYNTHETIC,verified,VF00020,ownership
D00021,OF004,P00021,SYNTHETIC,verified,VF00021,ownership
D00022,OF005,P00022,SYNTHETIC,pending,VF00022,field
D00023,OF003,P00023,SYNTHETIC,verified,VF00023,ownership
D00024,OF002,P00024,SYNTHETIC,verified,VF00024,ownership
D00025,OF001,P00025,SYNTHETIC,verified,VF00025,ownership
D00026,OF004,P00026,SYNTHETIC,verified,VF00026,ownership
D00027,OF003,P00027,SYNTHETIC,rejected,VF00027,ownership
D00028,OF002,P00028,SYNTHETIC,verified,VF00028,ownership
D00029,OF006,P00029,SYNTHETIC,rejected,VF00029,ownership
D00030,OF003,P00030,SYNTHETIC,verified,VF00030,ownership
D00031,OF006,P00031,SYNTHETIC,rejected,VF00031,ownership
D00032,OF002,P00032,SYNTHETIC,verified,VF00032,ownership
D00033,OF006,P00033,SYNTHETIC,verified,VF00033,ownership
D00034,OF001,P00034,SYNTHETIC,verified,VF00034,ownership
D00035,OF006,P00035,SYNTHETIC,verified,VF00035,ownership
D00036,OF004,P00036,SYNTHETIC,verified,VF00036,ownership
D00037,OF003,P00037,SYNTHETIC,verified,VF00037,ownership
D00038,OF005,P00038,SYNTHETIC,verified,VF00038,ownership
D00039,OF004,P00039,SYNTHETIC,verified,VF00039,ownership
D00040,OF003,P00040,SYNTHETIC,verified,VF00040,ownership
D00041,OF004,P00041,SYNTHETIC,verified,VF00041,ownership
D00042,OF002,P00042,SYNTHETIC,verified,VF00042,ownership
D00043,OF001,P00043,SYNTHETIC,verified,VF00043,ownership
D00044,OF006,P00044,SYNTHETIC,verified,VF00044,ownership
D00045,OF001,P00045,SYNTHETIC,verified,VF00045,ownership
D00046,OF005,P00046,SYNTHETIC,verified,VF00046,ownership
D00047,OF005,P00047,SYNTHETIC,rejected,VF00047,ownership
D00048,OF006,P00048,SYNTHETIC,rejected,VF00048,ownership
D00049,OF006,P00049,SYNTHETIC,verified,VF00049,ownership
D00050,OF002,P00050,SYNTHETIC,verified,VF00050,ownership
D00051,OF006,P00051,SYNTHETIC,verified,VF00051,ownership
D00052,OF004,P00052,SYNTHETIC,verified,VF00052,ownership
D00053,OF005,P00053,SYNTHETIC,verified,VF00053,ownership
D00054,OF004,P00054,SYNTHETIC,verified,VF00054,ownership
D00055,OF002,P00055,SYNTHETIC,verified,VF00055,ownership
D00056,OF005,P00056,SYNTHETIC,verified,VF00056,ownership
D00057,OF005,P00057,SYNTHETIC,rejected,VF00057,ownership
D00058,OF003,P00058,SYNTHETIC,verified,VF00058,ownership
D00059,OF001,P00059,SYNTHETIC,verified,VF00059,ownership
D00060,OF005,P00060,SYNTHETIC,verified,VF00060,ownership
D00061,OF004,P00061,SYNTHETIC,verified,VF00061,ownership
D00062,OF003,P00062,SYNTHETIC,verified,VF00062,ownership
D00063,OF005,P00063,SYNTHETIC,verified,VF00063,ownership
D00064,OF002,P00064,SYNTHETIC,verified,VF00064,ownership
D00065,OF001,P00065,SYNTHETIC,verified,VF00065,ownership
D00066,OF006,P00066,SYNTHETIC,verified,VF00066,ownership
D00067,OF001,P00067,SYNTHETIC,verified,VF00067,ownership
D00068,OF006,P00068,SYNTHETIC,verified,VF00068,ownership
D00069,OF002,P00069,SYNTHETIC,verified,VF00069,ownership
D00070,OF001,P00070,SYNTHETIC,verified,VF00070,ownership
D00071,OF004,P00071,SYNTHETIC,verified,VF00071,ownership
D00072,OF001,P00072,SYNTHETIC,verified,VF00072,ownership
D00073,OF003,P00073,SYNTHETIC,verified,VF00073,ownership
D00074,OF002,P00074,SYNTHETIC,verified,VF00074,ownership
D00075,OF003,P00075,SYNTHETIC,verified,VF00075,ownership
D00076,OF006,P00076,SYNTHETIC,verified,VF00076,ownership
D00077,OF006,P00077,SYNTHETIC,verified,VF00077,ownership
D00078,OF006,P00078,SYNTHETIC,verified,VF00078,ownership
D00079,OF005,P00079,SYNTHETIC,verified,VF00079,ownership
D00080,OF004,P00080,SYNTHETIC,verified,VF00080,ownership
D00081,OF006,P00081,SYNTHETIC,verified,VF00081,ownership
D00082,OF006,P00082,SYNTHETIC,verified,VF00082,ownership
D00083,OF003,P00083,SYNTHETIC,verified,VF00083,ownership
D00084,OF001,P00084,SYNTHETIC,verified,VF00084,ownership
D00085,OF005,P00085,SYNTHETIC,verified,VF00085,ownership
D00086,OF005,P00086,SYNTHETIC,verified,VF00086,ownership
D00087,OF006,P00087,SYNTHETIC,verified,VF00087,ownership
D00088,OF005,P00088,SYNTHETIC,verified,VF00088,ownership
D00089,OF002,P00089,SYNTHETIC,verified,VF00089,ownership
D00090,OF001,P00090,SYNTHETIC,verified,VF00090,ownership
D00091,OF003,P00091,SYNTHETIC,verified,VF00091,ownership
D00092,OF001,P00092,SYNTHETIC,verified,VF00092,ownership
D00093,OF006,P00093,SYNTHETIC,verified,VF00093,ownership
D00094,OF006,P00094,SYNTHETIC,verified,VF00094,ownership
D00095,OF005,P00095,SYNTHETIC,verified,VF00095,ownership
D00096,OF001,P00096,SYNTHETIC,verified,VF00096,ownership
D00097,OF005,P00097,SYNTHETIC,verified,VF00097,ownership
D00098,OF003,P00098,SYNTHETIC,verified,VF00098,ownership
D00099,OF004,P00099,SYNTHETIC,verified,VF00099,ownership
D00100,OF001,P00100,SYNTHETIC,verified,VF00100,ownership
D00101,OF004,P00101,SYNTHETIC,verified,VF00101,ownership
D00102,OF002,P00102,SYNTHETIC,verified,VF00102,ownership
D00103,OF005,P00103,SYNTHETIC,verified,VF00103,ownership
D00104,OF003,P00104,SYNTHETIC,verified,VF00104,ownership
D00105,OF005,P00105,SYNTHETIC,verified,VF00105,ownership
D00106,OF005,P00106,SYNTHETIC,verified,VF00106,ownership
D00107,OF006,P00107,SYNTHETIC,verified,VF00107,ownership
D00108,OF006,P00108,SYNTHETIC,verified,VF00108,ownership
D00109,OF002,P00109,SYNTHETIC,verified,VF00109,ownership
D00110,OF002,P00110,SYNTHETIC,verified,VF00110,ownership
D00111,OF004,P00111,SYNTHETIC,verified,VF00111,ownership
D00112,OF005,P00112,SYNTHETIC,verified,VF00112,ownership
D00113,OF002,P00113,SYNTHETIC,rejected,VF00113,ownership
D00114,OF006,P00114,SYNTHETIC,verified,VF00114,ownership
D00115,OF003,P00115,SYNTHETIC,verified,VF00115,ownership
D00116,OF004,P00116,SYNTHETIC,verified,VF00116,ownership
D00117,OF001,P00117,SYNTHETIC,verified,VF00117,ownership
D00118,OF004,P00118,SYNTHETIC,verified,VF00118,ownership
D00119,OF006,P00119,SYNTHETIC,verified,VF00119,ownership
D00120,OF001,P00120,SYNTHETIC,verified,VF00120,ownership
D00121,OF002,P00121,SYNTHETIC,verified,VF00121,ownership
D00122,OF005,P00122,SYNTHETIC,verified,VF00122,ownership
D00123,OF005,P00123,SYNTHETIC,verified,VF00123,ownership
D00124,OF001,P00124,SYNTHETIC,verified,VF00124,ownership
D00125,OF002,P00125,SYNTHETIC,verified,VF00125,ownership
D00126,OF004,P00126,SYNTHETIC,verified,VF00126,ownership
D00127,OF005,P00127,SYNTHETIC,verified,VF00127,ownership
D00128,OF003,P00128,SYNTHETIC,verified,VF00128,ownership
D00129,OF005,P00129,SYNTHETIC,verified,VF00129,ownership
D00130,OF002,P00130,SYNTHETIC,verified,VF00130,ownership
D00131,OF006,P00131,SYNTHETIC,verified,VF00131,ownership
D00132,OF003,P00132,SYNTHETIC,verified,VF00132,ownership
D00133,OF004,P00133,SYNTHETIC,verified,VF00133,ownership
D00134,OF004,P00134,SYNTHETIC,verified,VF00134,ownership
D00135,OF006,P00135,SYNTHETIC,verified,VF00135,ownership
D00136,OF003,P00136,SYNTHETIC,verified,VF00136,ownership
D00137,OF003,P00137,SYNTHETIC,pending,VF00137,field
D00138,OF002,P00138,SYNTHETIC,rejected,VF00138,ownership
D00139,OF005,P00139,SYNTHETIC,verified,VF00139,ownership
D00140,OF002,P00140,SYNTHETIC,verified,VF00140,ownership
D00141,OF002,P00141,SYNTHETIC,verified,VF00141,ownership
D00142,OF001,P00142,SYNTHETIC,verified,VF00142,ownership
D00143,OF005,P00143,SYNTHETIC,verified,VF00143,ownership
D00144,OF004,P00144,SYNTHETIC,verified,VF00144,ownership
D00145,OF004,P00145,SYNTHETIC,verified,VF00145,ownership
D00146,OF004,P00146,SYNTHETIC,verified,VF00146,ownership
D00147,OF004,P00147,SYNTHETIC,verified,VF00147,ownership
D00148,OF006,P00148,SYNTHETIC,verified,VF00148,ownership
D00149,OF004,P00149,SYNTHETIC,verified,VF00149,ownership
D00150,OF005,P00150,SYNTHETIC,verified,VF00150,ownership
D00151,OF003,P00151,SYNTHETIC,verified,VF00151,ownership
D00152,OF006,P00152,SYNTHETIC,verified,VF00152,ownership
D00153,OF006,P00153,SYNTHETIC,verified,VF00153,ownership
D00154,OF006,P00154,SYNTHETIC,verified,VF00154,ownership
D00155,OF006,P00155,SYNTHETIC,verified,VF00155,ownership
D00156,OF003,P00156,SYNTHETIC,verified,VF00156,ownership
D00157,OF003,P00157,SYNTHETIC,verified,VF00157,ownership
D00158,OF006,P00158,SYNTHETIC,pending,VF00158,field
D00159,OF005,P00159,SYNTHETIC,verified,VF00159,ownership
D00160,OF002,P00160,SYNTHETIC,verified,VF00160,ownership
D00161,OF005,P00161,SYNTHETIC,rejected,VF00161,ownership
D00162,OF001,P00162,SYNTHETIC,verified,VF00162,ownership
D00163,OF004,P00163,SYNTHETIC,verified,VF00163,ownership
D00164,OF002,P00164,SYNTHETIC,verified,VF00164,ownership
D00165,OF006,P00165,SYNTHETIC,verified,VF00165,ownership
D00166,OF005,P00166,SYNTHETIC,verified,VF00166,ownership
D00167,OF006,P00167,SYNTHETIC,verified,VF00167,ownership
D00168,OF005,P00168,SYNTHETIC,verified,VF00168,ownership
D00169,OF003,P00169,SYNTHETIC,verified,VF00169,ownership
D00170,OF004,P00170,SYNTHETIC,verified,VF00170,ownership
D00171,OF001,P00171,SYNTHETIC,verified,VF00171,ownership
D00172,OF006,P00172,SYNTHETIC,verified,VF00172,ownership
D00173,OF005,P00173,SYNTHETIC,verified,VF00173,ownership
D00174,OF001,P00174,SYNTHETIC,verified,VF00174,ownership
D00175,OF003,P00175,SYNTHETIC,rejected,VF00175,ownership
D00176,OF004,P00176,SYNTHETIC,verified,VF00176,ownership
D00177,OF004,P00177,SYNTHETIC,verified,VF00177,ownership
D00178,OF002,P00178,SYNTHETIC,rejected,VF00178,ownership
D00179,OF004,P00179,SYNTHETIC,pending,VF00179,field
D00180,OF006,P00180,SYNTHETIC,verified,VF00180,ownership
D00181,OF002,P00181,SYNTHETIC,verified,VF00181,ownership
